family,overlap,occlusion,seed,method,success_rate,distractor_rate,mean_progress,regret,ranking_margin,endpoint_error
C,0.0,0.0,3000,total_flow,0.0,1.0,0.03270054445895011,0.8971456432535821,0.15751783925621615,0.028075053336851893
C,0.0,0.0,3000,causal_residual,1.0,0.0,0.9134738339057681,0.01637235380676414,0.15751783925621615,0.5564395553017961
C,0.0,0.0,3000,attention_contact,0.0,1.0,0.0298130864747417,0.9000331012377907,0.15751783925621615,0.08751930417743017
C,0.0,0.0,3000,oracle_effect,1.0,0.0,0.9298461877125322,0.0,0.15751783925621615,0.513657530529067
C,0.0,0.25,3010,total_flow,0.0,1.0,0.03178956748691187,0.8058023699871748,0.3435058888604479,0.02778463074184173
C,0.0,0.25,3010,causal_residual,0.9091666666666667,0.013333333333333334,0.8221490723398861,0.015442865134200545,0.3435058888604479,0.5549330809013645
C,0.0,0.25,3010,attention_contact,0.0,1.0,0.02971943231241882,0.8078725051616678,0.3435058888604479,0.08695829299785768
C,0.0,0.25,3010,oracle_effect,0.91,0.006666666666666667,0.8375919374740867,0.0,0.3435058888604479,0.5126070537464387
C,0.0,0.5,3020,total_flow,0.0,1.0,0.031992384531147576,0.6794398090225442,0.37960417630049176,0.02810990121561586
C,0.0,0.5,3020,causal_residual,0.745,0.0475,0.688048702169965,0.023383491383726706,0.37960417630049176,0.5538708966405442
C,0.0,0.5,3020,attention_contact,0.0,1.0,0.02930640158279896,0.6821257919708927,0.37960417630049176,0.08778312838201016
C,0.0,0.5,3020,oracle_effect,0.7458333333333333,0.021666666666666667,0.7114321935536917,0.0,0.37960417630049176,0.5116062967507761
C,0.25,0.0,3002,total_flow,0.4375,0.5658333333333333,0.4594087247495018,0.47177220518724283,0.1515872705874073,0.027960360051785028
C,0.25,0.0,3002,causal_residual,0.9991666666666666,0.0008333333333333334,0.9152908685487978,0.015890061387946894,0.1515872705874073,0.6195038284984152
C,0.25,0.0,3002,attention_contact,0.5408333333333334,0.4608333333333333,0.5348910017142753,0.39628992822246933,0.1515872705874073,0.08741332796034179
C,0.25,0.0,3002,oracle_effect,1.0,0.0,0.9311809299367447,0.0,0.1515872705874073,0.5783735166356329
C,0.25,0.25,3012,total_flow,0.3383333333333333,0.635,0.3881657664262278,0.4748235981636924,0.2951329072319915,0.02789519342017607
C,0.25,0.25,3012,causal_residual,0.935,0.050833333333333335,0.8494793305566573,0.013510034033263034,0.2951329072319915,0.6205528737394737
C,0.25,0.25,3012,attention_contact,0.425,0.49416666666666664,0.44729557334210557,0.4156937912478147,0.2951329072319915,0.0868020070463121
C,0.25,0.25,3012,oracle_effect,0.9375,0.056666666666666664,0.8629893645899203,0.0,0.2951329072319915,0.5793962788618362
C,0.25,0.5,3022,total_flow,0.24916666666666668,0.6891666666666667,0.32633728823432795,0.4272117643481516,0.3165482465111945,0.027702429328127907
C,0.25,0.5,3022,causal_residual,0.765,0.15833333333333333,0.7336906287674942,0.019858423814985298,0.3165482465111945,0.6184402334064318
C,0.25,0.5,3022,attention_contact,0.29833333333333334,0.5483333333333333,0.35700210667787674,0.3965469459046029,0.3165482465111945,0.08683660955502412
C,0.25,0.5,3022,oracle_effect,0.7683333333333333,0.18333333333333332,0.7535490525824796,0.0,0.3165482465111945,0.5775674481192707
C,0.5,0.0,3005,total_flow,0.8941666666666667,0.10583333333333333,0.7877981079958346,0.1494554002720723,0.1590995417869735,0.027704415291113543
C,0.5,0.0,3005,causal_residual,1.0,0.0,0.9203591151999376,0.016894393067969377,0.1590995417869735,0.6839319177966542
C,0.5,0.0,3005,attention_contact,0.9291666666666667,0.07083333333333333,0.813900344724229,0.12335316354367788,0.1590995417869735,0.08721102674553617
C,0.5,0.0,3005,oracle_effect,1.0,0.0,0.9372535082679069,0.0,0.1590995417869735,0.643652902866972
C,0.5,0.25,3015,total_flow,0.7183333333333334,0.16583333333333333,0.6755550157108648,0.1959000124860401,0.26083590887178465,0.027868233169009507
C,0.5,0.25,3015,causal_residual,0.9291666666666667,0.06583333333333333,0.8559234005492024,0.015531627647702611,0.26083590887178465,0.6820718785961478
C,0.5,0.25,3015,attention_contact,0.7466666666666667,0.10916666666666666,0.6888079285819372,0.18264709961496772,0.26083590887178465,0.08692410388682535
C,0.5,0.25,3015,oracle_effect,0.9366666666666666,0.0625,0.871455028196905,0.0,0.26083590887178465,0.6418906913888485
C,0.5,0.5,3025,total_flow,0.53,0.23083333333333333,0.5454665856737152,0.2203589093593964,0.29451807561810084,0.027976629329894045
C,0.5,0.5,3025,causal_residual,0.7766666666666666,0.19333333333333333,0.7485063857869708,0.017319109246140763,0.29451807561810084,0.6856569545239531
C,0.5,0.5,3025,attention_contact,0.5508333333333333,0.12916666666666668,0.5511551218616582,0.21467037317145335,0.29451807561810084,0.0868395377425582
C,0.5,0.5,3025,oracle_effect,0.7841666666666667,0.21666666666666667,0.7658254950331116,0.0,0.29451807561810084,0.644737311415582
C,0.75,0.0,3007,total_flow,0.9958333333333333,0.004166666666666667,0.8640902121981465,0.06580591127864366,0.15566114008776136,0.02808013940742901
C,0.75,0.0,3007,causal_residual,1.0,0.0,0.9131727012890428,0.016723422187747458,0.15566114008776136,0.7495611522948953
C,0.75,0.0,3007,attention_contact,0.9958333333333333,0.004166666666666667,0.8634378729741293,0.0664582505026607,0.15566114008776136,0.08684203524055968
C,0.75,0.0,3007,oracle_effect,1.0,0.0,0.9298961234767901,0.0,0.15566114008776136,0.7094710483912497
C,0.75,0.25,3017,total_flow,0.8141666666666667,0.01,0.7393832326253128,0.1345614850514129,0.2592196665065505,0.027933410216956164
C,0.75,0.25,3017,causal_residual,0.94,0.060833333333333336,0.8603595870249608,0.013585130651764844,0.2592196665065505,0.7496792916055329
C,0.75,0.25,3017,attention_contact,0.8175,0.0016666666666666668,0.7403029854820368,0.13364173219468894,0.2592196665065505,0.08714642515909832
C,0.75,0.25,3017,oracle_effect,0.9475,0.0575,0.8739447176767258,0.0,0.2592196665065505,0.7090823629599419
C,0.75,0.5,3027,total_flow,0.605,0.025,0.5964416604675329,0.17089049369676318,0.2834409131927098,0.027892614482901378
C,0.75,0.5,3027,causal_residual,0.7641666666666667,0.2325,0.749195625623102,0.01813652854119406,0.2834409131927098,0.7520025810021822
C,0.75,0.5,3027,attention_contact,0.6116666666666667,0.005,0.5989183716500663,0.16841378251422973,0.2834409131927098,0.08723410111825418
C,0.75,0.5,3027,oracle_effect,0.7758333333333334,0.23666666666666666,0.7673321541642961,0.0,0.2834409131927098,0.7117422827303683
C,1.0,0.0,3010,total_flow,1.0,0.0,0.8881596324427581,0.045095957170675806,0.15511497939693766,0.02786622572075938
C,1.0,0.0,3010,causal_residual,0.9991666666666666,0.0016666666666666668,0.9191424918086973,0.014113097804736444,0.15511497939693766,0.8164856634886919
C,1.0,0.0,3010,attention_contact,1.0,0.0,0.8871036978153389,0.04615189179809495,0.15511497939693766,0.0865320141999317
C,1.0,0.0,3010,oracle_effect,1.0,0.0,0.933255589613434,0.0,0.15511497939693766,0.7767498836775845
C,1.0,0.25,3020,total_flow,0.8991666666666667,0.0,0.8023330114673357,0.06935226058367557,0.257273830676889,0.028003068876041735
C,1.0,0.25,3020,causal_residual,0.9341666666666667,0.06666666666666667,0.8555747582976427,0.01611051375336855,0.257273830676889,0.8155351566652581
C,1.0,0.25,3020,attention_contact,0.9,0.0,0.8054510338404577,0.06623423821055358,0.257273830676889,0.0874665465169075
C,1.0,0.25,3020,oracle_effect,0.94,0.06416666666666666,0.8716852720510114,0.0,0.257273830676889,0.7755405551147679
C,1.0,0.5,3030,total_flow,0.7041666666666667,0.0,0.66736808451131,0.10219076937366267,0.2687713492127064,0.027899204709211603
C,1.0,0.5,3030,causal_residual,0.7491666666666666,0.25083333333333335,0.7505064605998245,0.019052393285148364,0.2687713492127064,0.8175463467117166
C,1.0,0.5,3030,attention_contact,0.6966666666666667,0.0,0.6617032567201225,0.10785559716485023,0.2687713492127064,0.08707152903303164
C,1.0,0.5,3030,oracle_effect,0.7658333333333334,0.24666666666666667,0.7695588538849728,0.0,0.2687713492127064,0.7777084026593116
C,0.0,0.0,3100,total_flow,0.0,1.0,0.03206488752746705,0.9005832610631453,0.15456877117053747,0.02796447597070403
C,0.0,0.0,3100,causal_residual,1.0,0.0,0.9139503307831016,0.018697817807510942,0.15456877117053747,0.5552886459517049
C,0.0,0.0,3100,attention_contact,0.0,1.0,0.02874183448866058,0.9039063141019521,0.15456877117053747,0.08726798658835395
C,0.0,0.0,3100,oracle_effect,1.0,0.0,0.9326481485906125,0.0,0.15456877117053747,0.512323464674174
C,0.0,0.25,3110,total_flow,0.0,1.0,0.0377263800715817,0.828081533778063,0.3560147367294228,0.027893038798820543
C,0.0,0.25,3110,causal_residual,0.9458333333333333,0.01,0.8515311179038317,0.01427679594581303,0.3560147367294228,0.555864793186249
C,0.0,0.25,3110,attention_contact,0.0,1.0,0.03304012125718915,0.8327677925924555,0.3560147367294228,0.0871730046713335
C,0.0,0.25,3110,oracle_effect,0.9458333333333333,0.006666666666666667,0.8658079138496447,0.0,0.3560147367294228,0.5128433434429133
C,0.0,0.5,3120,total_flow,0.0,1.0,0.03441250722784968,0.6727575115198794,0.399597340629292,0.027884541128903907
C,0.0,0.5,3120,causal_residual,0.74,0.0575,0.6837633796837108,0.023406639064018322,0.399597340629292,0.5562670706778299
C,0.0,0.5,3120,attention_contact,0.0,1.0,0.03180322573580599,0.6753667930119231,0.399597340629292,0.08691151978947304
C,0.0,0.5,3120,oracle_effect,0.74,0.020833333333333332,0.707170018747729,0.0,0.399597340629292,0.5132714981317971
C,0.25,0.0,3102,total_flow,0.43916666666666665,0.5641666666666667,0.4623301842744278,0.4688226482590439,0.1563616219940864,0.02809547704180526
C,0.25,0.0,3102,causal_residual,1.0,0.0,0.9134777955599613,0.017675036973510333,0.1563616219940864,0.6177926115823226
C,0.25,0.0,3102,attention_contact,0.5416666666666666,0.46166666666666667,0.5349239626779112,0.39622886985556044,0.1563616219940864,0.08775474229636183
C,0.25,0.0,3102,oracle_effect,1.0,0.0,0.9311528325334716,0.0,0.1563616219940864,0.5765245687586603
C,0.25,0.25,3112,total_flow,0.33666666666666667,0.625,0.40040020437881746,0.45956395523378396,0.29308986574579954,0.02789569468932027
C,0.25,0.25,3112,causal_residual,0.9216666666666666,0.06333333333333334,0.8469643340796107,0.012999825532990743,0.29308986574579954,0.6205739666571062
C,0.25,0.25,3112,attention_contact,0.41833333333333333,0.49916666666666665,0.45737403768613166,0.40259012192646976,0.29308986574579954,0.08664098625420599
C,0.25,0.25,3112,oracle_effect,0.9216666666666666,0.0675,0.8599641596126014,0.0,0.29308986574579954,0.5791605909181905
C,0.25,0.5,3122,total_flow,0.22583333333333333,0.705,0.32801054515154343,0.4186118350565602,0.31965807808362917,0.02776818913845574
C,0.25,0.5,3122,causal_residual,0.7491666666666666,0.17416666666666666,0.7269494783634795,0.019672901844624356,0.31965807808362917,0.6188404466505908
C,0.25,0.5,3122,attention_contact,0.28583333333333333,0.5566666666666666,0.3621645683419205,0.3844578118661831,0.31965807808362917,0.08737896613771351
C,0.25,0.5,3122,oracle_effect,0.7516666666666667,0.20916666666666667,0.7466223802081037,0.0,0.31965807808362917,0.5772849724338323
C,0.5,0.0,3105,total_flow,0.8791666666666667,0.12166666666666667,0.7809548532258214,0.14680749856091724,0.1518142824993179,0.02799449503686221
C,0.5,0.0,3105,causal_residual,1.0,0.0,0.9114623120650583,0.016300039721680284,0.1518142824993179,0.6822383662253465
C,0.5,0.0,3105,attention_contact,0.91,0.09083333333333334,0.7998918098357505,0.1278705419509881,0.1518142824993179,0.08746728455414984
C,0.5,0.0,3105,oracle_effect,1.0,0.0,0.9277623517867386,0.0,0.1518142824993179,0.6418092807778625
C,0.5,0.25,3115,total_flow,0.6983333333333334,0.17666666666666667,0.6603573230050082,0.20649838815675964,0.2659155208273066,0.028244615198541663
C,0.5,0.25,3115,causal_residual,0.9391666666666667,0.055,0.8542506784301906,0.01260503273157704,0.2659155208273066,0.6860564073279749
C,0.5,0.25,3115,attention_contact,0.725,0.10916666666666666,0.6756300954939305,0.19122561566783722,0.2659155208273066,0.08701846684502414
C,0.5,0.25,3115,oracle_effect,0.9425,0.058333333333333334,0.8668557111617679,0.0,0.2659155208273066,0.6448535357966764
C,0.5,0.5,3125,total_flow,0.4708333333333333,0.24083333333333334,0.5124574178245981,0.23482837391757574,0.2831401347050701,0.02788906711428485
C,0.5,0.5,3125,causal_residual,0.7291666666666666,0.2475,0.7310291839669767,0.016256607775197156,0.2831401347050701,0.6810980680460639
C,0.5,0.5,3125,attention_contact,0.49333333333333335,0.13666666666666666,0.5204372249261507,0.22684856681602295,0.2831401347050701,0.08709322242740423
C,0.5,0.5,3125,oracle_effect,0.7375,0.2633333333333333,0.7472857917421737,0.0,0.2831401347050701,0.6408025149034525
C,0.75,0.0,3107,total_flow,0.9975,0.0025,0.8651569128518578,0.06622659688348637,0.15352418571781706,0.028017090714725194
C,0.75,0.0,3107,causal_residual,1.0,0.0,0.9158191690418362,0.015564340693507928,0.15352418571781706,0.7490758721734069
C,0.75,0.0,3107,attention_contact,0.9983333333333333,0.0016666666666666668,0.8651395792278523,0.06624393050749179,0.15352418571781706,0.08731783949932558
C,0.75,0.0,3107,oracle_effect,1.0,0.0,0.931383509735344,0.0,0.15352418571781706,0.7091214766344828
C,0.75,0.25,3117,total_flow,0.8191666666666667,0.015833333333333335,0.7349481013291014,0.13307411309436673,0.25951082250191365,0.027977305893936398
C,0.75,0.25,3117,causal_residual,0.935,0.06333333333333334,0.855828867747597,0.012193346675871061,0.25951082250191365,0.7490297118027356
C,0.75,0.25,3117,attention_contact,0.8225,0.005833333333333334,0.7369498647428594,0.13107234968060885,0.25951082250191365,0.08775021893026431
C,0.75,0.25,3117,oracle_effect,0.94,0.06,0.8680222144234682,0.0,0.25951082250191365,0.7090448241901698
C,0.75,0.5,3127,total_flow,0.5833333333333334,0.0275,0.5756564121465478,0.18196091223727182,0.27199423890829205,0.027983319541255363
C,0.75,0.5,3127,causal_residual,0.7525,0.245,0.7396394787053321,0.017977845678487522,0.27199423890829205,0.7498597821561767
C,0.75,0.5,3127,attention_contact,0.5883333333333334,0.006666666666666667,0.5769020643178844,0.18071526006593525,0.27199423890829205,0.08735454501114819
C,0.75,0.5,3127,oracle_effect,0.7675,0.2475,0.7576173243838197,0.0,0.27199423890829205,0.7095128227145424
C,1.0,0.0,3110,total_flow,1.0,0.0,0.8863891873549103,0.04801919171931167,0.15673030686381484,0.027944291922886683
C,1.0,0.0,3110,causal_residual,1.0,0.0,0.9198225298220264,0.014585849252195748,0.15673030686381484,0.8173913491135142
C,1.0,0.0,3110,attention_contact,1.0,0.0,0.885512328419783,0.04889605065443919,0.15673030686381484,0.08708510810022119
C,1.0,0.0,3110,oracle_effect,1.0,0.0,0.9344083790742221,0.0,0.15673030686381484,0.7773911169349635
C,1.0,0.25,3120,total_flow,0.8966666666666666,0.0,0.7987827737524533,0.06900833560310803,0.24177399800703805,0.02789278992030299
C,1.0,0.25,3120,causal_residual,0.9258333333333333,0.07416666666666667,0.853860681713458,0.013930427642103537,0.24177399800703805,0.8185033208210236
C,1.0,0.25,3120,attention_contact,0.8983333333333333,0.0,0.800161684822385,0.06762942453317634,0.24177399800703805,0.08728255930479269
C,1.0,0.25,3120,oracle_effect,0.935,0.06916666666666667,0.8677911093555615,0.0,0.24177399800703805,0.7778444200386028
C,1.0,0.5,3130,total_flow,0.6816666666666666,0.0,0.654680826944522,0.1050073984420645,0.26052451988693953,0.02788709236242004
C,1.0,0.5,3130,causal_residual,0.7366666666666667,0.2608333333333333,0.7420949164656253,0.017593308920961098,0.26052451988693953,0.8195569459256421
C,1.0,0.5,3130,attention_contact,0.6875,0.0,0.6565279104973181,0.1031603148892684,0.26052451988693953,0.08756337921805143
C,1.0,0.5,3130,oracle_effect,0.7525,0.2658333333333333,0.7596882253865864,0.0,0.26052451988693953,0.7786593109928744
C,0.0,0.0,3200,total_flow,0.0,1.0,0.02948801158999529,0.9065507647099533,0.1591289661562054,0.027673097537022375
C,0.0,0.0,3200,causal_residual,1.0,0.0,0.9180648198129814,0.0179739564869673,0.1591289661562054,0.5567163097876592
C,0.0,0.0,3200,attention_contact,0.0,1.0,0.026205683956425474,0.909833092343523,0.1591289661562054,0.0872016771529931
C,0.0,0.0,3200,oracle_effect,1.0,0.0,0.9360387762999485,0.0,0.1591289661562054,0.5141206303512159
C,0.0,0.25,3210,total_flow,0.0,1.0,0.03480154529466086,0.8334098226894182,0.3444995446245582,0.027855564832073895
C,0.0,0.25,3210,causal_residual,0.9475,0.008333333333333333,0.8532502722797414,0.01496109570433789,0.3444995446245582,0.5566954665717164
C,0.0,0.25,3210,attention_contact,0.0,1.0,0.03119230230861299,0.8370190656754662,0.3444995446245582,0.08711132983977297
C,0.0,0.25,3210,oracle_effect,0.9491666666666667,0.006666666666666667,0.868211367984079,0.0,0.3444995446245582,0.5136728058454623
C,0.0,0.5,3220,total_flow,0.0,1.0,0.032310055437561186,0.6761342380572117,0.3972001632868784,0.027703562208591728
C,0.0,0.5,3220,causal_residual,0.7458333333333333,0.05333333333333334,0.6867795964358571,0.021664697058915803,0.3972001632868784,0.5586326909398719
C,0.0,0.5,3220,attention_contact,0.0,1.0,0.03294721781571923,0.6754970756790537,0.3972001632868784,0.08727170595395553
C,0.0,0.5,3220,oracle_effect,0.7458333333333333,0.03166666666666667,0.7084442934947729,0.0,0.3972001632868784,0.5156273503060134
C,0.25,0.0,3202,total_flow,0.45666666666666667,0.5458333333333333,0.47520389495820353,0.45727805304549585,0.15677552435114045,0.027715884585470012
C,0.25,0.0,3202,causal_residual,1.0,0.0,0.9148820941258589,0.017599853877840684,0.15677552435114045,0.6209629682805762
C,0.25,0.0,3202,attention_contact,0.5633333333333334,0.43833333333333335,0.552245457824929,0.3802364901787705,0.15677552435114045,0.0875043043871419
C,0.25,0.0,3202,oracle_effect,1.0,0.0,0.9324819480036994,0.0,0.15677552435114045,0.5797221524578285
C,0.25,0.25,3212,total_flow,0.3541666666666667,0.6208333333333333,0.40101015623139896,0.45822925899202893,0.28080275818408396,0.027783716648799264
C,0.25,0.25,3212,causal_residual,0.9291666666666667,0.0525,0.8450308005267916,0.014208614696636352,0.28080275818408396,0.6204452884696344
C,0.25,0.25,3212,attention_contact,0.4216666666666667,0.5033333333333333,0.4448512326476676,0.4143881825757604,0.28080275818408396,0.08711981710474663
C,0.25,0.25,3212,oracle_effect,0.9308333333333333,0.06,0.859239415223428,0.0,0.28080275818408396,0.5787789079626154
C,0.25,0.5,3222,total_flow,0.24,0.7125,0.3335027227107434,0.41598144836680057,0.3295739948380176,0.028080882791213332
C,0.25,0.5,3222,causal_residual,0.7575,0.17,0.731368424719381,0.018115746358162873,0.3295739948380176,0.6154689925799556
C,0.25,0.5,3222,attention_contact,0.29583333333333334,0.5733333333333334,0.37092140543908075,0.37856276563846314,0.3295739948380176,0.0870604259601237
C,0.25,0.5,3222,oracle_effect,0.76,0.19666666666666666,0.749484171077544,0.0,0.3295739948380176,0.5745529280536319
C,0.5,0.0,3205,total_flow,0.89,0.1125,0.7903794723267431,0.14053000017038475,0.15501365690563573,0.028121211954551674
C,0.5,0.0,3205,causal_residual,0.9991666666666666,0.0008333333333333334,0.9139711120079324,0.016938360489195503,0.15501365690563573,0.6812305139112863
C,0.5,0.0,3205,attention_contact,0.9133333333333333,0.08833333333333333,0.8062209033381356,0.12468856915899217,0.15501365690563573,0.08750536579295802
C,0.5,0.0,3205,oracle_effect,1.0,0.0,0.9309094724971279,0.0,0.15501365690563573,0.6413906296953786
C,0.5,0.25,3215,total_flow,0.6833333333333333,0.17583333333333334,0.6598360413543393,0.2059363737366279,0.264656029509513,0.028007547203830002
C,0.5,0.25,3215,causal_residual,0.9241666666666667,0.06833333333333333,0.8513804345741343,0.014391980516832957,0.264656029509513,0.6818962406850702
C,0.5,0.25,3215,attention_contact,0.7133333333333334,0.10916666666666666,0.6759136132582774,0.18985880183268994,0.264656029509513,0.08700629599985023
C,0.5,0.25,3215,oracle_effect,0.9291666666666667,0.07,0.8657724150909675,0.0,0.264656029509513,0.6414343819042426
C,0.5,0.5,3225,total_flow,0.485,0.24416666666666667,0.5194054704247293,0.23156799729392646,0.2854422994760108,0.02792294084362427
C,0.5,0.5,3225,causal_residual,0.735,0.24416666666666667,0.732506608817362,0.018466858901293792,0.2854422994760108,0.6835244306023052
C,0.5,0.5,3225,attention_contact,0.5083333333333333,0.14333333333333334,0.5265694057807491,0.22440406193790655,0.2854422994760108,0.08763138567481214
C,0.5,0.5,3225,oracle_effect,0.7458333333333333,0.26,0.7509734677186557,0.0,0.2854422994760108,0.6435458328294646
C,0.75,0.0,3207,total_flow,0.9966666666666667,0.0033333333333333335,0.8687488744543884,0.06550939573420243,0.15788121417539916,0.02783871580257719
C,0.75,0.0,3207,causal_residual,0.9991666666666666,0.0008333333333333334,0.9168500973274606,0.017408172861130364,0.15788121417539916,0.7525560479803776
C,0.75,0.0,3207,attention_contact,0.9966666666666667,0.0033333333333333335,0.8687085819768132,0.06554968821177785,0.15788121417539916,0.08698573352997117
C,0.75,0.0,3207,oracle_effect,1.0,0.0,0.934258270188591,0.0,0.15788121417539916,0.7122875671326788
C,0.75,0.25,3217,total_flow,0.8166666666666667,0.0075,0.7341379969411775,0.1368798833373761,0.2610668962349334,0.02808928528765683
C,0.75,0.25,3217,causal_residual,0.9458333333333333,0.059166666666666666,0.8573163473119598,0.013701532966593826,0.2610668962349334,0.7477632505486863
C,0.75,0.25,3217,attention_contact,0.8158333333333333,0.0016666666666666668,0.7338009595848417,0.13721692069371197,0.2610668962349334,0.08729951472242856
C,0.75,0.25,3217,oracle_effect,0.9491666666666667,0.058333333333333334,0.8710178802785538,0.0,0.2610668962349334,0.7078322342202317
C,0.75,0.5,3227,total_flow,0.5883333333333334,0.021666666666666667,0.5840423876337681,0.1819372490450773,0.28630486483117434,0.02777150439667374
C,0.75,0.5,3227,causal_residual,0.7516666666666667,0.2425,0.7474950530235033,0.018484583655342255,0.28630486483117434,0.7508742036359397
C,0.75,0.5,3227,attention_contact,0.5908333333333333,0.01,0.5840291081857892,0.18195052849305626,0.28630486483117434,0.0872676270038689
C,0.75,0.5,3227,oracle_effect,0.7641666666666667,0.24916666666666668,0.7659796366788455,0.0,0.28630486483117434,0.7112540205414052
C,1.0,0.0,3210,total_flow,1.0,0.0,0.8857829469481161,0.05003559710769808,0.155650072522722,0.027821403803353822
C,1.0,0.0,3210,causal_residual,0.9991666666666666,0.0008333333333333334,0.9181777273400221,0.017640816715792144,0.155650072522722,0.8182074324483766
C,1.0,0.0,3210,attention_contact,1.0,0.0,0.8838585007548448,0.051960043300969296,0.155650072522722,0.0873939032272436
C,1.0,0.0,3210,oracle_effect,1.0,0.0,0.9358185440558141,0.0,0.155650072522722,0.7784070963663876
C,1.0,0.25,3220,total_flow,0.905,0.0,0.804878879344466,0.06894557029996846,0.25476321316513567,0.02800113395899704
C,1.0,0.25,3220,causal_residual,0.9375,0.06,0.8584077272955882,0.015416722348846315,0.25476321316513567,0.8216237319552436
C,1.0,0.25,3220,attention_contact,0.9058333333333334,0.0,0.8052464012749797,0.06857804836945469,0.25476321316513567,0.08695407669749557
C,1.0,0.25,3220,oracle_effect,0.9458333333333333,0.056666666666666664,0.8738244496444344,0.0,0.25476321316513567,0.7814016580744185
C,1.0,0.5,3230,total_flow,0.69,0.0,0.653128775970929,0.10727795523020746,0.26564528728424874,0.027990142596404782
C,1.0,0.5,3230,causal_residual,0.7441666666666666,0.2675,0.739918155789492,0.02048857541164441,0.26564528728424874,0.8175593424181447
C,1.0,0.5,3230,attention_contact,0.6841666666666667,0.0,0.649135254978124,0.11127147622301263,0.26564528728424874,0.08708941628829116
C,1.0,0.5,3230,oracle_effect,0.7633333333333333,0.26,0.7604067312011366,0.0,0.26564528728424874,0.7770194005267923
C,0.0,0.0,3300,total_flow,0.0,1.0,0.032568169257257425,0.8982464472021608,0.1496280061644778,0.02784418440370515
C,0.0,0.0,3300,causal_residual,1.0,0.0,0.9172025281283637,0.013612088331054725,0.1496280061644778,0.5555766412512594
C,0.0,0.0,3300,attention_contact,0.0,1.0,0.030022882045093333,0.900791734414325,0.1496280061644778,0.08711469178879189
C,0.0,0.0,3300,oracle_effect,1.0,0.0,0.9308146164594184,0.0,0.1496280061644778,0.5123637458849828
C,0.0,0.25,3310,total_flow,0.0,1.0,0.0323303107261886,0.821601820952602,0.3453900784667668,0.027854782618934266
C,0.0,0.25,3310,causal_residual,0.93,0.013333333333333334,0.8395874806755019,0.014344651003288711,0.3453900784667668,0.5569590057789197
C,0.0,0.25,3310,attention_contact,0.0,1.0,0.030785663474754046,0.8231464682040365,0.3453900784667668,0.08731303705760651
C,0.0,0.25,3310,oracle_effect,0.9308333333333333,0.005,0.8539321316787907,0.0,0.3453900784667668,0.5146133543230124
C,0.0,0.5,3320,total_flow,0.0,1.0,0.03063154599340112,0.6737474090402181,0.38393116804344374,0.02785839643966072
C,0.0,0.5,3320,causal_residual,0.7366666666666667,0.0625,0.6803200827612892,0.024058872272330025,0.38393116804344374,0.5548203146970279
C,0.0,0.5,3320,attention_contact,0.0,1.0,0.027876433248516783,0.6765025217851025,0.38393116804344374,0.08727832747231033
C,0.0,0.5,3320,oracle_effect,0.7366666666666667,0.025833333333333333,0.7043789550336192,0.0,0.38393116804344374,0.5121423391896578
C,0.25,0.0,3302,total_flow,0.46166666666666667,0.5416666666666666,0.47237721343360267,0.4601660286148109,0.15468662995418303,0.02803121926390336
C,0.25,0.0,3302,causal_residual,0.9991666666666666,0.0008333333333333334,0.9183291074853069,0.014214134563106712,0.15468662995418303,0.6210434165721433
C,0.25,0.0,3302,attention_contact,0.5641666666666667,0.44,0.5467597988958453,0.3857834431525683,0.15468662995418303,0.08730169246811138
C,0.25,0.0,3302,oracle_effect,1.0,0.0,0.9325432420484135,0.0,0.15468662995418303,0.5798504151852605
C,0.25,0.25,3312,total_flow,0.3425,0.6333333333333333,0.3989998841562405,0.4677260282292111,0.2871108052091278,0.027934794969873257
C,0.25,0.25,3312,causal_residual,0.9391666666666667,0.04666666666666667,0.8539998364724651,0.012726075912986709,0.2871108052091278,0.6167495696334753
C,0.25,0.25,3312,attention_contact,0.415,0.51,0.44226668451043216,0.4244592278750195,0.2871108052091278,0.08748506346367753
C,0.25,0.25,3312,oracle_effect,0.9416666666666667,0.051666666666666666,0.8667259123854516,0.0,0.2871108052091278,0.5754375000629787
C,0.25,0.5,3322,total_flow,0.23416666666666666,0.7058333333333333,0.3284693257324584,0.41781702876955923,0.32872197268182834,0.027941488101907216
C,0.25,0.5,3322,causal_residual,0.7508333333333334,0.165,0.7272225857522737,0.019063768749743866,0.32872197268182834,0.6165052881954511
C,0.25,0.5,3322,attention_contact,0.29583333333333334,0.5641666666666667,0.359561375023658,0.3867249794783597,0.32872197268182834,0.08732297186712971
C,0.25,0.5,3322,oracle_effect,0.7525,0.19166666666666668,0.7462863545020176,0.0,0.32872197268182834,0.5755326919674335
C,0.5,0.0,3305,total_flow,0.8816666666666667,0.11833333333333333,0.7890155698588946,0.14612566481731165,0.15833565099366761,0.02777594443842374
C,0.5,0.0,3305,causal_residual,1.0,0.0,0.9202899383599231,0.01485129631628316,0.15833565099366761,0.6828660298242345
C,0.5,0.0,3305,attention_contact,0.9208333333333333,0.08,0.8146967464780273,0.12044448819817902,0.15833565099366761,0.0870326885181322
C,0.5,0.0,3305,oracle_effect,1.0,0.0,0.9351412346762065,0.0,0.15833565099366761,0.6431190299619194
C,0.5,0.25,3315,total_flow,0.7133333333333334,0.165,0.6726966557574305,0.19823876236771112,0.276615072458906,0.02801626870538038
C,0.5,0.25,3315,causal_residual,0.9291666666666667,0.065,0.8571808319922767,0.013754586132864921,0.276615072458906,0.6846028355039281
C,0.5,0.25,3315,attention_contact,0.7366666666666667,0.10583333333333333,0.6839754221574449,0.18695999596769672,0.276615072458906,0.08766252027065274
C,0.5,0.25,3315,oracle_effect,0.9341666666666667,0.065,0.8709354181251416,0.0,0.276615072458906,0.6442086783764632
C,0.5,0.5,3325,total_flow,0.5233333333333333,0.23166666666666666,0.5453558805006086,0.22373574887365483,0.304521770080721,0.028005604678329986
C,0.5,0.5,3325,causal_residual,0.7675,0.20666666666666667,0.7520399752071931,0.017051654167070354,0.304521770080721,0.6839244653317836
C,0.5,0.5,3325,attention_contact,0.5416666666666666,0.1275,0.5529817907730742,0.2161098386011894,0.304521770080721,0.08721853797356394
C,0.5,0.5,3325,oracle_effect,0.7766666666666666,0.22666666666666666,0.7690916293742635,0.0,0.304521770080721,0.6444090738422539
C,0.75,0.0,3307,total_flow,0.9975,0.0025,0.8679329279295067,0.06252573021273496,0.1510367005812306,0.02793079954867507
C,0.75,0.0,3307,causal_residual,1.0,0.0,0.9145522931854126,0.015906364956828897,0.1510367005812306,0.7514675182593772
C,0.75,0.0,3307,attention_contact,0.9983333333333333,0.0016666666666666668,0.8687754018852182,0.06168325625702344,0.1510367005812306,0.08714939709219374
C,0.75,0.0,3307,oracle_effect,1.0,0.0,0.9304586581422416,0.0,0.1510367005812306,0.7109201662420427
C,0.75,0.25,3317,total_flow,0.79,0.0125,0.7172265160658248,0.14203569478994518,0.24860987519287894,0.027794747912784364
C,0.75,0.25,3317,causal_residual,0.9116666666666666,0.08583333333333333,0.8424766258789965,0.016785584976773526,0.24860987519287894,0.7526390506417628
C,0.75,0.25,3317,attention_contact,0.8,0.0033333333333333335,0.7229774433886393,0.13628476746713072,0.24860987519287894,0.08698161394063052
C,0.75,0.25,3317,oracle_effect,0.9191666666666667,0.08416666666666667,0.85926221085577,0.0,0.24860987519287894,0.7117484677317826
C,0.75,0.5,3327,total_flow,0.5908333333333333,0.023333333333333334,0.585385171269941,0.1790839773714391,0.27270052477858003,0.027844540043721347
C,0.75,0.5,3327,causal_residual,0.7558333333333334,0.23916666666666667,0.747289104612204,0.01718004402917615,0.27270052477858003,0.7524116280379596
C,0.75,0.5,3327,attention_contact,0.5925,0.006666666666666667,0.5856365800224264,0.17883256861895375,0.27270052477858003,0.08705751579311877
C,0.75,0.5,3327,oracle_effect,0.7675,0.24916666666666668,0.7644691486413803,0.0,0.27270052477858003,0.7126115925464038
C,1.0,0.0,3310,total_flow,1.0,0.0,0.883985085497881,0.048919203846828734,0.15313515779076198,0.027877000926033936
C,1.0,0.0,3310,causal_residual,1.0,0.0,0.9144336670348817,0.018470622309827864,0.15313515779076198,0.8203308117120269
C,1.0,0.0,3310,attention_contact,1.0,0.0,0.8842306685418072,0.048673620802902516,0.15313515779076198,0.08726018255817834
C,1.0,0.0,3310,oracle_effect,1.0,0.0,0.9329042893447098,0.0,0.15313515779076198,0.779947495285761
C,1.0,0.25,3320,total_flow,0.8908333333333334,0.0,0.7954823544678976,0.07077078418889148,0.2540770537203051,0.027825216097150024
C,1.0,0.25,3320,causal_residual,0.935,0.06416666666666666,0.8549949967710238,0.011258141885765417,0.2540770537203051,0.8168258515358147
C,1.0,0.25,3320,attention_contact,0.8925,0.0,0.7958269853205389,0.07042615333625013,0.2540770537203051,0.08745139744186035
C,1.0,0.25,3320,oracle_effect,0.9391666666666667,0.06583333333333333,0.8662531386567891,0.0,0.2540770537203051,0.7763227466730281
C,1.0,0.5,3330,total_flow,0.6975,0.0,0.6632955632162855,0.10383352334845054,0.26501621445389406,0.027823443880047302
C,1.0,0.5,3330,causal_residual,0.7558333333333334,0.245,0.7491910192313405,0.01793806733339558,0.26501621445389406,0.817750958455552
C,1.0,0.5,3330,attention_contact,0.695,0.0,0.6627604100309903,0.10436867653374575,0.26501621445389406,0.08740753665312541
C,1.0,0.5,3330,oracle_effect,0.7716666666666666,0.24666666666666667,0.7671290865647361,0.0,0.26501621445389406,0.7777706486212804
C,0.0,0.0,3400,total_flow,0.0,1.0,0.03441608399373141,0.8990525222926586,0.15313056771690584,0.02804096116000327
C,0.0,0.0,3400,causal_residual,1.0,0.0,0.9165287511496588,0.016939855136731193,0.15313056771690584,0.5558490909402153
C,0.0,0.0,3400,attention_contact,0.0,1.0,0.02966334221002983,0.9038052640763601,0.15313056771690584,0.08686291667966174
C,0.0,0.0,3400,oracle_effect,1.0,0.0,0.93346860628639,0.0,0.15313056771690584,0.5125570940994236
C,0.0,0.25,3410,total_flow,0.0,1.0,0.03222127987234689,0.820966179845599,0.34983349516889567,0.027995726612095997
C,0.0,0.25,3410,causal_residual,0.9333333333333333,0.013333333333333334,0.838426261719718,0.014761197998227745,0.34983349516889567,0.5573540826640208
C,0.0,0.25,3410,attention_contact,0.0,1.0,0.030168325160681988,0.8230191345572638,0.34983349516889567,0.08729789224402705
C,0.0,0.25,3410,oracle_effect,0.9341666666666667,0.006666666666666667,0.8531874597179459,0.0,0.34983349516889567,0.5142046015169893
C,0.0,0.5,3420,total_flow,0.0,1.0,0.031853452990261835,0.6726563375865973,0.3877467903107882,0.02810432931983779
C,0.0,0.5,3420,causal_residual,0.7391666666666666,0.0475,0.679410206074674,0.02509958450218506,0.3877467903107882,0.5562855601647028
C,0.0,0.5,3420,attention_contact,0.0,1.0,0.03243773144837975,0.6720720591284794,0.3877467903107882,0.0873744965651801
C,0.0,0.5,3420,oracle_effect,0.74,0.021666666666666667,0.7045097905768591,0.0,0.3877467903107882,0.5127252044090432
C,0.25,0.0,3402,total_flow,0.45416666666666666,0.5516666666666666,0.4664414859666857,0.47075464404924505,0.15584616187892564,0.027875061501820446
C,0.25,0.0,3402,causal_residual,1.0,0.0,0.9201447908720862,0.017051339143844723,0.15584616187892564,0.6189577062977617
C,0.25,0.0,3402,attention_contact,0.56,0.44416666666666665,0.5461572444364216,0.3910388855795093,0.15584616187892564,0.08699389398590536
C,0.25,0.0,3402,oracle_effect,1.0,0.0,0.9371961300159309,0.0,0.15584616187892564,0.5777555301946264
C,0.25,0.25,3412,total_flow,0.3466666666666667,0.625,0.39426317918761783,0.47785781883427136,0.28224051048421195,0.027840180146677357
C,0.25,0.25,3412,causal_residual,0.95,0.03916666666666667,0.8587671644310403,0.013353833590849046,0.28224051048421195,0.6194669980947871
C,0.25,0.25,3412,attention_contact,0.41833333333333333,0.5141666666666667,0.4434602518963178,0.42866074612557137,0.28224051048421195,0.0874346104050252
C,0.25,0.25,3412,oracle_effect,0.9525,0.043333333333333335,0.8721209980218892,0.0,0.28224051048421195,0.5783332314677178
C,0.25,0.5,3422,total_flow,0.24916666666666668,0.6925,0.336878302283708,0.4025946306179278,0.31722992165849767,0.028154141288895634
C,0.25,0.5,3422,causal_residual,0.74,0.17833333333333334,0.7200594544367086,0.019413478464927234,0.31722992165849767,0.6190828751626966
C,0.25,0.5,3422,attention_contact,0.29583333333333334,0.5525,0.36067029928603406,0.3788026336156017,0.31722992165849767,0.08763804251112249
C,0.25,0.5,3422,oracle_effect,0.7416666666666667,0.20583333333333334,0.7394729329016357,0.0,0.31722992165849767,0.5780094399306037
C,0.5,0.0,3405,total_flow,0.9,0.1,0.7990671633424388,0.13829640669903548,0.16279001810447488,0.028227117894488812
C,0.5,0.0,3405,causal_residual,1.0,0.0,0.9222759677972914,0.01508760224418283,0.16279001810447488,0.6857963649009245
C,0.5,0.0,3405,attention_contact,0.925,0.075,0.8148126338789611,0.12255093616251315,0.16279001810447488,0.08779595051441895
C,0.5,0.0,3405,oracle_effect,1.0,0.0,0.9373635700414743,0.0,0.16279001810447488,0.6456531225618352
C,0.5,0.25,3415,total_flow,0.71,0.15916666666666668,0.6724422552595153,0.19733958948477426,0.2630315516673711,0.028278800594086165
C,0.5,0.25,3415,causal_residual,0.9366666666666666,0.058333333333333334,0.8569641082382417,0.012817736506047991,0.2630315516673711,0.6856975154697232
C,0.5,0.25,3415,attention_contact,0.7466666666666667,0.09083333333333334,0.6904304367925284,0.17935140795176127,0.2630315516673711,0.08738665771995814
C,0.5,0.25,3415,oracle_effect,0.9391666666666667,0.06,0.8697818447442897,0.0,0.2630315516673711,0.6448731626997853
C,0.5,0.5,3425,total_flow,0.4975,0.2275,0.5257479073116156,0.22603048442248497,0.2834921482086577,0.027982732646119123
C,0.5,0.5,3425,causal_residual,0.7341666666666666,0.245,0.7346515736119941,0.017126818122106403,0.2834921482086577,0.68478543204169
C,0.5,0.5,3425,attention_contact,0.5091666666666667,0.1375,0.5259838829637045,0.2257945087703962,0.2834921482086577,0.08727396418904712
C,0.5,0.5,3425,oracle_effect,0.7408333333333333,0.26,0.7517783917341005,0.0,0.2834921482086577,0.6449513162976337
C,0.75,0.0,3407,total_flow,0.9958333333333333,0.005,0.8669372877688151,0.06545453442858576,0.15209760752399046,0.02803672933414438
C,0.75,0.0,3407,causal_residual,0.9975,0.0025,0.9178030970753333,0.01458872512206756,0.15209760752399046,0.7511298779915049
C,0.75,0.0,3407,attention_contact,0.9991666666666666,0.0016666666666666668,0.8677270328931403,0.06466478930426046,0.15209760752399046,0.08724469889181315
C,0.75,0.0,3407,oracle_effect,1.0,0.0,0.9323918221974009,0.0,0.15209760752399046,0.7109629399957798
C,0.75,0.25,3417,total_flow,0.8191666666666667,0.013333333333333334,0.7377223682301336,0.1253709522121221,0.254464561556923,0.02808298657834416
C,0.75,0.25,3417,causal_residual,0.9275,0.07,0.8482566861035921,0.014836634338663635,0.254464561556923,0.7519447916545642
C,0.75,0.25,3417,attention_contact,0.8208333333333333,0.0025,0.7367508777185721,0.1263424427236837,0.254464561556923,0.08713252562396626
C,0.75,0.25,3417,oracle_effect,0.9341666666666667,0.06916666666666667,0.8630933204422558,0.0,0.254464561556923,0.7115191677536944
C,0.75,0.5,3427,total_flow,0.6116666666666667,0.028333333333333332,0.6007533108994247,0.16294173673649517,0.2679154924641436,0.028060693003248413
C,0.75,0.5,3427,causal_residual,0.7583333333333333,0.24166666666666667,0.7465712219863002,0.017123825649619694,0.2679154924641436,0.7518504486727301
C,0.75,0.5,3427,attention_contact,0.6108333333333333,0.009166666666666667,0.5980498510023354,0.1656451966335845,0.2679154924641436,0.08719343971626149
C,0.75,0.5,3427,oracle_effect,0.7666666666666667,0.24833333333333332,0.76369504763592,0.0,0.2679154924641436,0.7116677739258092
C,1.0,0.0,3410,total_flow,1.0,0.0,0.8845612808014078,0.04835504158576193,0.15563603885718147,0.02811730935732168
C,1.0,0.0,3410,causal_residual,1.0,0.0,0.9161072394276422,0.016809082959527714,0.15563603885718147,0.8208044267036232
C,1.0,0.0,3410,attention_contact,1.0,0.0,0.8839426399434827,0.04897368244368716,0.15563603885718147,0.08717234806245497
C,1.0,0.0,3410,oracle_effect,1.0,0.0,0.9329163223871698,0.0,0.15563603885718147,0.7795378870472924
C,1.0,0.25,3420,total_flow,0.8941666666666667,0.0,0.7998903690052016,0.06559354713343628,0.25237246292891213,0.02821037742795984
C,1.0,0.25,3420,causal_residual,0.9308333333333333,0.07333333333333333,0.8518449705874858,0.013638945551152117,0.25237246292891213,0.8171390239797827
C,1.0,0.25,3420,attention_contact,0.8908333333333334,0.0,0.7961613644302978,0.06932255170834006,0.25237246292891213,0.08729491979218709
C,1.0,0.25,3420,oracle_effect,0.9383333333333334,0.06666666666666667,0.865483916138638,0.0,0.25237246292891213,0.7768779105298446
C,1.0,0.5,3430,total_flow,0.705,0.0,0.665779328015261,0.1033272900159075,0.27010591052972954,0.027971574211371277
C,1.0,0.5,3430,causal_residual,0.7525,0.24583333333333332,0.7499622363141051,0.019144381717063435,0.27010591052972954,0.8171994007861957
C,1.0,0.5,3430,attention_contact,0.7058333333333333,0.0,0.6660344505169137,0.10307216751425474,0.27010591052972954,0.08737168518969336
C,1.0,0.5,3430,oracle_effect,0.7675,0.24416666666666667,0.7691066180311684,0.0,0.27010591052972954,0.7774966566065843
C,0.0,0.0,3500,total_flow,0.0,1.0,0.033361411172604626,0.9032807433026445,0.1610762162624245,0.027807872668287305
C,0.0,0.0,3500,causal_residual,1.0,0.0,0.923222033361842,0.01342012111340716,0.1610762162624245,0.5572880305780001
C,0.0,0.0,3500,attention_contact,0.0,1.0,0.033624185793325795,0.9030179686819232,0.1610762162624245,0.08693252734625893
C,0.0,0.0,3500,oracle_effect,1.0,0.0,0.936642154475249,0.0,0.1610762162624245,0.5139940766447729
C,0.0,0.25,3510,total_flow,0.0,1.0,0.03330678581830436,0.8192897635961036,0.334159378699927,0.02775480663720788
C,0.0,0.25,3510,causal_residual,0.9258333333333333,0.019166666666666665,0.8362370243648669,0.016359525049541166,0.334159378699927,0.5542779274263726
C,0.0,0.25,3510,attention_contact,0.0,1.0,0.030497569134247594,0.8220989802801605,0.334159378699927,0.08670042428181238
C,0.0,0.25,3510,oracle_effect,0.9258333333333333,0.004166666666666667,0.8525965494144081,0.0,0.334159378699927,0.5115313620669747
C,0.0,0.5,3520,total_flow,0.0,1.0,0.03743686141522558,0.6865631369881745,0.39513743038787585,0.02765907149330614
C,0.0,0.5,3520,causal_residual,0.7566666666666667,0.04083333333333333,0.7029154526910264,0.021084545712373684,0.39513743038787585,0.5557130500516426
C,0.0,0.5,3520,attention_contact,0.0,1.0,0.03432528397135369,0.6896747144320464,0.39513743038787585,0.08740598694044327
C,0.0,0.5,3520,oracle_effect,0.7566666666666667,0.021666666666666667,0.7239999984034001,0.0,0.39513743038787585,0.5131350109056275
C,0.25,0.0,3502,total_flow,0.42833333333333334,0.5791666666666667,0.45002902944248696,0.4833897430427291,0.15362906067504772,0.027920804772101928
C,0.25,0.0,3502,causal_residual,1.0,0.0,0.9173153077632717,0.01610346472194423,0.15362906067504772,0.6155435740543467
C,0.25,0.0,3502,attention_contact,0.5408333333333334,0.465,0.5327836471961963,0.40063512528901973,0.15362906067504772,0.0867144280262321
C,0.25,0.0,3502,oracle_effect,1.0,0.0,0.9334187724852162,0.0,0.15362906067504772,0.5748912096159773
C,0.25,0.25,3512,total_flow,0.34833333333333333,0.6116666666666667,0.4035706884739173,0.46541967143712565,0.29333081766622215,0.028021756338399956
C,0.25,0.25,3512,causal_residual,0.9333333333333333,0.04666666666666667,0.8550766658013553,0.013913694109687463,0.29333081766622215,0.6199721420783734
C,0.25,0.25,3512,attention_contact,0.43166666666666664,0.49416666666666664,0.4556760633194525,0.4133142965915904,0.29333081766622215,0.08731589723739441
C,0.25,0.25,3512,oracle_effect,0.9375,0.0525,0.8689903599110429,0.0,0.29333081766622215,0.5789404724817913
C,0.25,0.5,3522,total_flow,0.24833333333333332,0.67,0.3421352820212593,0.40334851720035164,0.31978509780273306,0.028052518149848642
C,0.25,0.5,3522,causal_residual,0.7475,0.17916666666666667,0.7272105196037214,0.01827327961788954,0.31978509780273306,0.6208750658350494
C,0.25,0.5,3522,attention_contact,0.29583333333333334,0.535,0.36811782900360773,0.37736597021800333,0.31978509780273306,0.08720187535445266
C,0.25,0.5,3522,oracle_effect,0.7475,0.2075,0.7454837992216109,0.0,0.31978509780273306,0.5794176414655211
C,0.5,0.0,3505,total_flow,0.8866666666666667,0.115,0.7860512756746625,0.14412721751979976,0.15318247812696276,0.027931533063308756
C,0.5,0.0,3505,causal_residual,1.0,0.0,0.913416618811666,0.016761874382796346,0.15318247812696276,0.6846191546955305
C,0.5,0.0,3505,attention_contact,0.9216666666666666,0.07916666666666666,0.8121850704049413,0.11799342278952106,0.15318247812696276,0.08745710504166813
C,0.5,0.0,3505,oracle_effect,1.0,0.0,0.9301784931944623,0.0,0.15318247812696276,0.6440854068408535
C,0.5,0.25,3515,total_flow,0.695,0.1875,0.6614130376774305,0.21398511445269913,0.2759946967880953,0.02812359026500585
C,0.5,0.25,3515,causal_residual,0.9433333333333334,0.0525,0.8606475072752425,0.014750644854887055,0.2759946967880953,0.6837664372604253
C,0.5,0.25,3515,attention_contact,0.7191666666666666,0.11666666666666667,0.6714988767192103,0.20389927541091935,0.2759946967880953,0.08730913330558747
C,0.5,0.25,3515,oracle_effect,0.9466666666666667,0.05333333333333334,0.8753981521301297,0.0,0.2759946967880953,0.6431159797402015
C,0.5,0.5,3525,total_flow,0.5075,0.2275,0.5376900398236589,0.22214134354837115,0.29222330078241315,0.027875876971059105
C,0.5,0.5,3525,causal_residual,0.7541666666666667,0.22583333333333333,0.7443333748289069,0.015498008543123104,0.29222330078241315,0.680357705860476
C,0.5,0.5,3525,attention_contact,0.525,0.135,0.5447359040313342,0.21509547934069587,0.29222330078241315,0.08674406528144916
C,0.5,0.5,3525,oracle_effect,0.76,0.2325,0.7598313833720302,0.0,0.29222330078241315,0.6405289941819674
C,0.75,0.0,3507,total_flow,0.9975,0.0025,0.8632109915891243,0.0697002995331704,0.1518990178383867,0.027959235363755185
C,0.75,0.0,3507,causal_residual,0.9991666666666666,0.0008333333333333334,0.9171605136362126,0.015750777486082144,0.1518990178383867,0.7506411260479152
C,0.75,0.0,3507,attention_contact,0.9983333333333333,0.0016666666666666668,0.8635699663905821,0.06934132473171246,0.1518990178383867,0.08704896541835533
C,0.75,0.0,3507,oracle_effect,1.0,0.0,0.9329112911222947,0.0,0.1518990178383867,0.7110578669934139
C,0.75,0.25,3517,total_flow,0.835,0.014166666666666666,0.752560663886708,0.1288528735774164,0.25601677697494696,0.02802934527022217
C,0.75,0.25,3517,causal_residual,0.9433333333333334,0.0575,0.8688021265822999,0.012611410881824365,0.25601677697494696,0.7514040222830091
C,0.75,0.25,3517,attention_contact,0.8375,0.005833333333333334,0.7524341447258059,0.12897939273831843,0.25601677697494696,0.08746279142882263
C,0.75,0.25,3517,oracle_effect,0.9475,0.05583333333333333,0.8814135374641245,0.0,0.25601677697494696,0.7108544605078113
C,0.75,0.5,3527,total_flow,0.5966666666666667,0.0225,0.5849491395670151,0.176689784584464,0.2751192379568174,0.028037417072294086
C,0.75,0.5,3527,causal_residual,0.7491666666666666,0.23666666666666666,0.7431230356008913,0.018515888550587653,0.2751192379568174,0.7523905323312312
C,0.75,0.5,3527,attention_contact,0.5941666666666666,0.004166666666666667,0.5807025319474886,0.1809363922039904,0.2751192379568174,0.08767950854229456
C,0.75,0.5,3527,oracle_effect,0.7616666666666667,0.24833333333333332,0.7616389241514789,0.0,0.2751192379568174,0.7124323047414474
C,1.0,0.0,3510,total_flow,1.0,0.0,0.8767196660695409,0.05542264308945716,0.15948601125116435,0.02781869452662034
C,1.0,0.0,3510,causal_residual,0.9991666666666666,0.0008333333333333334,0.9180685929359569,0.014073716223041054,0.15948601125116435,0.8152917181341242
C,1.0,0.0,3510,attention_contact,1.0,0.0,0.8778681182982081,0.05427419086078981,0.15948601125116435,0.08717189225584253
C,1.0,0.0,3510,oracle_effect,1.0,0.0,0.9321423091589979,0.0,0.15948601125116435,0.7753386145154803
C,1.0,0.25,3520,total_flow,0.8916666666666667,0.0,0.8014448628552816,0.07190505619239393,0.25875450286356455,0.027716246528188375
C,1.0,0.25,3520,causal_residual,0.9375,0.06416666666666666,0.8578087186320723,0.01554120041560328,0.25875450286356455,0.8176144630082157
C,1.0,0.25,3520,attention_contact,0.8916666666666667,0.0,0.8029066966125149,0.07044322243516063,0.25875450286356455,0.08731435498725842
C,1.0,0.25,3520,oracle_effect,0.9441666666666667,0.06166666666666667,0.8733499190476754,0.0,0.25875450286356455,0.7778092086767011
C,1.0,0.5,3530,total_flow,0.6975,0.0,0.6595938003342212,0.10347502854251198,0.2642844987159152,0.027946270094491896
C,1.0,0.5,3530,causal_residual,0.7475,0.25583333333333336,0.7434063682177422,0.01966246065899091,0.2642844987159152,0.8169570555121642
C,1.0,0.5,3530,attention_contact,0.695,0.0,0.6579724682636668,0.1050963606130664,0.2642844987159152,0.08745912449091078
C,1.0,0.5,3530,oracle_effect,0.7716666666666666,0.24916666666666668,0.7630688288767332,0.0,0.2642844987159152,0.7775582037013351
C,0.0,0.0,3600,total_flow,0.0,1.0,0.03491859408765657,0.8985525982207162,0.15617899034055702,0.0280170106383317
C,0.0,0.0,3600,causal_residual,1.0,0.0,0.9183019697569749,0.015169222551397877,0.15617899034055702,0.5556017830038
C,0.0,0.0,3600,attention_contact,0.0,1.0,0.03407163758508205,0.8993995547232907,0.15617899034055702,0.08660142799480441
C,0.0,0.0,3600,oracle_effect,1.0,0.0,0.9334711923083728,0.0,0.15617899034055702,0.5131820209960692
C,0.0,0.25,3610,total_flow,0.0,1.0,0.038629717962441766,0.8281979329812509,0.36063247834518414,0.027929947629995483
C,0.0,0.25,3610,causal_residual,0.945,0.013333333333333334,0.8537403188446403,0.013087332099052483,0.36063247834518414,0.5562438601474476
C,0.0,0.25,3610,attention_contact,0.0,1.0,0.03354403963436015,0.8332836113093325,0.36063247834518414,0.08712541385656968
C,0.0,0.25,3610,oracle_effect,0.945,0.0033333333333333335,0.8668276509436926,0.0,0.36063247834518414,0.5131083768759415
C,0.0,0.5,3620,total_flow,0.0,1.0,0.03308524471794878,0.6865208703628727,0.3976068385479625,0.02778496889400642
C,0.0,0.5,3620,causal_residual,0.7533333333333333,0.049166666666666664,0.6960517894186089,0.02355432566221257,0.3976068385479625,0.5561898025570431
C,0.0,0.5,3620,attention_contact,0.0,1.0,0.031103052094772016,0.6885030629860495,0.3976068385479625,0.0870193844605478
C,0.0,0.5,3620,oracle_effect,0.7533333333333333,0.024166666666666666,0.7196061150808215,0.0,0.3976068385479625,0.5133437947381826
C,0.25,0.0,3602,total_flow,0.44583333333333336,0.5566666666666666,0.46370416579312046,0.4706382490733687,0.15753519438176566,0.027797644833752033
C,0.25,0.0,3602,causal_residual,1.0,0.0,0.9186634974982565,0.01567891736823258,0.15753519438176566,0.6194249624499871
C,0.25,0.0,3602,attention_contact,0.5441666666666667,0.45916666666666667,0.5311683970026738,0.4031740178638152,0.15753519438176566,0.08692672801431463
C,0.25,0.0,3602,oracle_effect,1.0,0.0,0.9343424148664893,0.0,0.15753519438176566,0.5786432286330522
C,0.25,0.25,3612,total_flow,0.33916666666666667,0.6233333333333333,0.3927832410083163,0.47133704979296737,0.28038513719326547,0.027998294653870465
C,0.25,0.25,3612,causal_residual,0.9308333333333333,0.051666666666666666,0.8504516395503254,0.013668651250958253,0.28038513719326547,0.6170454314033816
C,0.25,0.25,3612,attention_contact,0.43,0.5008333333333334,0.4547582793362336,0.4093620114650501,0.28038513719326547,0.08679386367591672
C,0.25,0.25,3612,oracle_effect,0.9316666666666666,0.056666666666666664,0.8641202908012837,0.0,0.28038513719326547,0.5757158575290217
C,0.25,0.5,3622,total_flow,0.24,0.6966666666666667,0.3325706713938759,0.42445509904900997,0.32416116497030023,0.027758851062646358
C,0.25,0.5,3622,causal_residual,0.7633333333333333,0.17916666666666667,0.7396411475316368,0.01738462291124899,0.32416116497030023,0.616998360028404
C,0.25,0.5,3622,attention_contact,0.2875,0.5683333333333334,0.3615634300673987,0.39546234037548716,0.32416116497030023,0.08736634117994627
C,0.25,0.5,3622,oracle_effect,0.7708333333333334,0.19083333333333333,0.7570257704428859,0.0,0.32416116497030023,0.5762539723726049
C,0.5,0.0,3605,total_flow,0.9125,0.09,0.8014379544537422,0.1337264704214529,0.16206667233487132,0.028061357563888886
C,0.5,0.0,3605,causal_residual,1.0,0.0,0.918119315595978,0.017045109279217104,0.16206667233487132,0.6844541303077476
C,0.5,0.0,3605,attention_contact,0.9416666666666667,0.060833333333333336,0.8232117086300771,0.11195271624511823,0.16206667233487132,0.08745926424407136
C,0.5,0.0,3605,oracle_effect,1.0,0.0,0.9351644248751951,0.0,0.16206667233487132,0.6441146939332477
C,0.5,0.25,3615,total_flow,0.7183333333333334,0.16333333333333333,0.6687710437852601,0.2001156110648615,0.2549549831671795,0.02803796324160949
C,0.5,0.25,3615,causal_residual,0.935,0.06,0.8546764964643393,0.014210158385782339,0.2549549831671795,0.6872153204017631
C,0.5,0.25,3615,attention_contact,0.7483333333333333,0.09583333333333334,0.6865910926886114,0.18229556216151027,0.2549549831671795,0.0872871842696743
C,0.5,0.25,3615,oracle_effect,0.94,0.060833333333333336,0.8688866548501217,0.0,0.2549549831671795,0.6459352564697809
C,0.5,0.5,3625,total_flow,0.49833333333333335,0.2475,0.5285224980970751,0.23406318623984296,0.29774996185636765,0.027932869850920864
C,0.5,0.5,3625,causal_residual,0.7608333333333334,0.215,0.746078170646665,0.016507513690253,0.29774996185636765,0.6833181405996223
C,0.5,0.5,3625,attention_contact,0.5175,0.135,0.5310525529106273,0.23153313142629087,0.29774996185636765,0.0876622292580809
C,0.5,0.5,3625,oracle_effect,0.7716666666666666,0.23083333333333333,0.7625856843369181,0.0,0.29774996185636765,0.6427234071677089
C,0.75,0.0,3607,total_flow,0.9966666666666667,0.0033333333333333335,0.8693995065406275,0.06769284107674897,0.15607054423143388,0.027732824230290484
C,0.75,0.0,3607,causal_residual,0.9983333333333333,0.0016666666666666668,0.9223271938225689,0.01476515379480773,0.15607054423143388,0.750749034813268
C,0.75,0.0,3607,attention_contact,0.9983333333333333,0.0016666666666666668,0.8705647422127618,0.06652760540461466,0.15607054423143388,0.08692267136036821
C,0.75,0.0,3607,oracle_effect,1.0,0.0,0.9370923476173766,0.0,0.15607054423143388,0.7104058674989576
C,0.75,0.25,3617,total_flow,0.8241666666666667,0.011666666666666667,0.7479948218615026,0.13040431408113992,0.2657966080374564,0.027738255594807436
C,0.75,0.25,3617,causal_residual,0.9416666666666667,0.0575,0.8660228096668707,0.012376326275771753,0.2657966080374564,0.7513977101692236
C,0.75,0.25,3617,attention_contact,0.8275,0.0033333333333333335,0.7475679696300277,0.13083116631261477,0.2657966080374564,0.08725046168191013
C,0.75,0.25,3617,oracle_effect,0.9475,0.05416666666666667,0.8783991359426424,0.0,0.2657966080374564,0.7106938319878254
C,0.75,0.5,3627,total_flow,0.5933333333333334,0.025,0.5871698250608471,0.18100092879444682,0.2821684083330219,0.027909780256205396
C,0.75,0.5,3627,causal_residual,0.7675,0.225,0.7517927335051314,0.016378020350162552,0.2821684083330219,0.7515147784581109
C,0.75,0.5,3627,attention_contact,0.6,0.01,0.5893734582116069,0.17879729564368707,0.2821684083330219,0.08696164333135295
C,0.75,0.5,3627,oracle_effect,0.78,0.22583333333333333,0.7681707538552941,0.0,0.2821684083330219,0.7113227548643822
C,1.0,0.0,3610,total_flow,1.0,0.0,0.8858593264354049,0.046776136431843904,0.15434811049902475,0.02780963708616005
C,1.0,0.0,3610,causal_residual,0.9991666666666666,0.0008333333333333334,0.9137804758207682,0.018854987046480868,0.15434811049902475,0.818259786291616
C,1.0,0.0,3610,attention_contact,1.0,0.0,0.8846717502600137,0.047963712607235094,0.15434811049902475,0.08702293111823654
C,1.0,0.0,3610,oracle_effect,1.0,0.0,0.9326354628672487,0.0,0.15434811049902475,0.7778331321634095
C,1.0,0.25,3620,total_flow,0.9083333333333333,0.0,0.806458496695744,0.06339021205983823,0.2503758155767317,0.027778653218815588
C,1.0,0.25,3620,causal_residual,0.9283333333333333,0.06916666666666667,0.8553861012022177,0.014462607553364506,0.2503758155767317,0.8184077688453167
C,1.0,0.25,3620,attention_contact,0.9058333333333334,0.0,0.8051082629351579,0.06474044582042422,0.2503758155767317,0.08713504304241976
C,1.0,0.25,3620,oracle_effect,0.9366666666666666,0.06416666666666666,0.8698487087555822,0.0,0.2503758155767317,0.7783237524486204
C,1.0,0.5,3630,total_flow,0.705,0.0,0.6661826941058148,0.10972127063775515,0.2694463503996959,0.02806989748764509
C,1.0,0.5,3630,causal_residual,0.765,0.23333333333333334,0.7536319841231528,0.022271980620417003,0.2694463503996959,0.8191037922083837
C,1.0,0.5,3630,attention_contact,0.7066666666666667,0.0,0.6653647048247521,0.11053925991881769,0.2694463503996959,0.08776261482027055
C,1.0,0.5,3630,oracle_effect,0.7808333333333334,0.23333333333333334,0.7759039647435698,0.0,0.2694463503996959,0.7790098163510017
C,0.0,0.0,3700,total_flow,0.0,1.0,0.0373699747872976,0.9051083755121706,0.1617825064862809,0.027734289693871293
C,0.0,0.0,3700,causal_residual,1.0,0.0,0.9271639137979196,0.015314436501548529,0.1617825064862809,0.5575593552882406
C,0.0,0.0,3700,attention_contact,0.0,1.0,0.03434821350385084,0.9081301367956174,0.1617825064862809,0.08725449838518241
C,0.0,0.0,3700,oracle_effect,1.0,0.0,0.9424783502994682,0.0,0.1617825064862809,0.5142199039819825
C,0.0,0.25,3710,total_flow,0.0,1.0,0.031221719773593483,0.8292406041785614,0.3534337037109618,0.02770314440092468
C,0.0,0.25,3710,causal_residual,0.9483333333333334,0.01,0.8489542396635003,0.011508084288654605,0.3534337037109618,0.5539177366676932
C,0.0,0.25,3710,attention_contact,0.0,1.0,0.029500807385126487,0.8309615165670283,0.3534337037109618,0.0872681009356826
C,0.0,0.25,3710,oracle_effect,0.9483333333333334,0.006666666666666667,0.8604623239521548,0.0,0.3534337037109618,0.5107487068158455
C,0.0,0.5,3720,total_flow,0.0,1.0,0.03460750279324659,0.669812801693878,0.38494545440585615,0.02777888046670501
C,0.0,0.5,3720,causal_residual,0.7333333333333333,0.05,0.6776587022504519,0.026761602236672878,0.38494545440585615,0.5568979421277925
C,0.0,0.5,3720,attention_contact,0.0,1.0,0.03242051268338646,0.6719997918037381,0.38494545440585615,0.08688838597656065
C,0.0,0.5,3720,oracle_effect,0.735,0.024166666666666666,0.7044203044871247,0.0,0.38494545440585615,0.5140316591322721
C,0.25,0.0,3702,total_flow,0.4583333333333333,0.5475,0.4681302893577371,0.4658950246079445,0.15773072566565033,0.027952348400356007
C,0.25,0.0,3702,causal_residual,1.0,0.0,0.9173229096632148,0.01670240430246662,0.15773072566565033,0.6183180948608906
C,0.25,0.0,3702,attention_contact,0.5575,0.445,0.5363567962103685,0.397668517755313,0.15773072566565033,0.08753325469954433
C,0.25,0.0,3702,oracle_effect,1.0,0.0,0.9340253139656814,0.0,0.15773072566565033,0.5772858190921035
C,0.25,0.25,3712,total_flow,0.3541666666666667,0.6183333333333333,0.4083719593905917,0.45249232349334345,0.29094150743030506,0.028037430107961073
C,0.25,0.25,3712,causal_residual,0.9266666666666666,0.05416666666666667,0.8491267145260768,0.011737568357858202,0.29094150743030506,0.6187074542732055
C,0.25,0.25,3712,attention_contact,0.43166666666666664,0.49416666666666664,0.4599907130550105,0.4008735698289245,0.29094150743030506,0.08703539314984762
C,0.25,0.25,3712,oracle_effect,0.93,0.060833333333333336,0.860864282883935,0.0,0.29094150743030506,0.5776165023953393
C,0.25,0.5,3722,total_flow,0.2425,0.6933333333333334,0.33216735675843245,0.4062928895084341,0.3196858554043834,0.02800479346917163
C,0.25,0.5,3722,causal_residual,0.74,0.19916666666666666,0.7230485662281932,0.015411680038673261,0.3196858554043834,0.6179005206811401
C,0.25,0.5,3722,attention_contact,0.2925,0.5625,0.35967860361563825,0.37878164265122827,0.3196858554043834,0.08710965485416466
C,0.25,0.5,3722,oracle_effect,0.7433333333333333,0.22083333333333333,0.7384602462668666,0.0,0.3196858554043834,0.5770168791947003
C,0.5,0.0,3705,total_flow,0.8766666666666667,0.12333333333333334,0.7803662329258789,0.1511401687037614,0.15457657465506627,0.027772088172615336
C,0.5,0.0,3705,causal_residual,1.0,0.0,0.9139330260076602,0.017573375621979928,0.15457657465506627,0.6820021801067234
C,0.5,0.0,3705,attention_contact,0.9033333333333333,0.09666666666666666,0.8014610551201251,0.13004534650951521,0.15457657465506627,0.08769048354893486
C,0.5,0.0,3705,oracle_effect,1.0,0.0,0.9315064016296403,0.0,0.15457657465506627,0.6422484680729525
C,0.5,0.25,3715,total_flow,0.7216666666666667,0.165,0.6761190122373082,0.19904961285799672,0.25966022463235905,0.02801427488679237
C,0.5,0.25,3715,causal_residual,0.9358333333333333,0.06166666666666667,0.8621250790692038,0.013043546026100996,0.25966022463235905,0.6844757731026299
C,0.5,0.25,3715,attention_contact,0.7475,0.10583333333333333,0.6925880790021073,0.18258054609319754,0.25966022463235905,0.0872841650555343
C,0.5,0.25,3715,oracle_effect,0.9425,0.058333333333333334,0.8751686250953048,0.0,0.25966022463235905,0.6435128871324948
C,0.5,0.5,3725,total_flow,0.5033333333333333,0.2475,0.5336612248704969,0.21355671690111316,0.28667970293340994,0.027854898833025377
C,0.5,0.5,3725,causal_residual,0.7466666666666667,0.22833333333333333,0.7310027951299082,0.016215146641702004,0.28667970293340994,0.6842341291950508
C,0.5,0.5,3725,attention_contact,0.535,0.1275,0.5422922963928859,0.20492564537872424,0.28667970293340994,0.0872068409876748
C,0.5,0.5,3725,oracle_effect,0.7558333333333334,0.24583333333333332,0.7472179417716102,0.0,0.28667970293340994,0.6437707350884461
C,0.75,0.0,3707,total_flow,0.9966666666666667,0.0033333333333333335,0.8649519992758337,0.0710645949938042,0.15775056931569087,0.028032645690716677
C,0.75,0.0,3707,causal_residual,0.9983333333333333,0.0016666666666666668,0.9188423802608454,0.017174214008792474,0.15775056931569087,0.7503018025994845
C,0.75,0.0,3707,attention_contact,0.9983333333333333,0.0016666666666666668,0.866868121497356,0.06914847277228181,0.15775056931569087,0.08717307594758655
C,0.75,0.0,3707,oracle_effect,1.0,0.0,0.9360165942696377,0.0,0.15775056931569087,0.7107497842701055
C,0.75,0.25,3717,total_flow,0.7933333333333333,0.0125,0.7222989794324154,0.13905680952101065,0.2634787325936985,0.02790017955838647
C,0.75,0.25,3717,causal_residual,0.9116666666666666,0.08583333333333333,0.8463585818491036,0.014997207104322433,0.2634787325936985,0.7501314237153283
C,0.75,0.25,3717,attention_contact,0.7941666666666667,0.004166666666666667,0.7217326526706656,0.1396231362827604,0.2634787325936985,0.08754624442269186
C,0.75,0.25,3717,oracle_effect,0.9208333333333333,0.08333333333333333,0.8613557889534259,0.0,0.2634787325936985,0.7108502470673361
C,0.75,0.5,3727,total_flow,0.5858333333333333,0.025,0.582632093232159,0.18880584056133054,0.2864005581862749,0.027891367880929423
C,0.75,0.5,3727,causal_residual,0.7683333333333333,0.225,0.7555933070892968,0.015844626704192944,0.2864005581862749,0.7511103751705752
C,0.75,0.5,3727,attention_contact,0.59,0.0075,0.5839818608120203,0.18745607298146932,0.2864005581862749,0.08748044262206525
C,0.75,0.5,3727,oracle_effect,0.775,0.23416666666666666,0.7714379337934897,0.0,0.2864005581862749,0.7110046262638625
C,1.0,0.0,3710,total_flow,1.0,0.0,0.8790513071165954,0.05088207252628869,0.15073125856684955,0.02774933602251429
C,1.0,0.0,3710,causal_residual,1.0,0.0,0.9161641314937041,0.013769248149180164,0.15073125856684955,0.814336530759653
C,1.0,0.0,3710,attention_contact,1.0,0.0,0.8799271867115845,0.05000619293129962,0.15073125856684955,0.08705886804623603
C,1.0,0.0,3710,oracle_effect,1.0,0.0,0.9299333796428843,0.0,0.15073125856684955,0.7738921916590131
C,1.0,0.25,3720,total_flow,0.8908333333333334,0.0,0.7942016990033856,0.06724813347663544,0.24651029384862075,0.02783787624281713
C,1.0,0.25,3720,causal_residual,0.9266666666666666,0.07416666666666667,0.8445713110773797,0.016878521402641303,0.24651029384862075,0.8188478248538071
C,1.0,0.25,3720,attention_contact,0.8933333333333333,0.0,0.7962009320349328,0.06524890044508817,0.24651029384862075,0.08707698215227945
C,1.0,0.25,3720,oracle_effect,0.9383333333333334,0.06666666666666667,0.861449832480021,0.0,0.24651029384862075,0.779161502605528
C,1.0,0.5,3730,total_flow,0.6833333333333333,0.0,0.6547584421841883,0.1059988247585947,0.2594163287942869,0.027815851584233258
C,1.0,0.5,3730,causal_residual,0.7333333333333333,0.2625,0.7420644428240716,0.018692824118711454,0.2594163287942869,0.8168494139906738
C,1.0,0.5,3730,attention_contact,0.685,0.0,0.6552814649678943,0.10547580197488872,0.2594163287942869,0.0872840933889903
C,1.0,0.5,3730,oracle_effect,0.7433333333333333,0.2683333333333333,0.760757266942783,0.0,0.2594163287942869,0.7766370804586328
C,0.0,0.0,3800,total_flow,0.0,1.0,0.0392394716883605,0.8949790798000311,0.1551705356841806,0.027855513612346727
C,0.0,0.0,3800,causal_residual,1.0,0.0,0.9188150503631676,0.015403501125224267,0.1551705356841806,0.5555231532741803
C,0.0,0.0,3800,attention_contact,0.0,1.0,0.03576020973868595,0.8984583417497058,0.1551705356841806,0.08662808475229385
C,0.0,0.0,3800,oracle_effect,1.0,0.0,0.9342185514883916,0.0,0.1551705356841806,0.5134101616822084
C,0.0,0.25,3810,total_flow,0.0,1.0,0.03363034104108078,0.8228943091334372,0.33785589142004396,0.027950424148763656
C,0.0,0.25,3810,causal_residual,0.9308333333333333,0.013333333333333334,0.8416775071965041,0.01484714297801381,0.33785589142004396,0.5562440281961281
C,0.0,0.25,3810,attention_contact,0.0,1.0,0.03192770940871481,0.8245969407658031,0.33785589142004396,0.08783756652857225
C,0.0,0.25,3810,oracle_effect,0.9308333333333333,0.0125,0.8565246501745178,0.0,0.33785589142004396,0.5131275587779924
C,0.0,0.5,3820,total_flow,0.0,1.0,0.03161108866803562,0.6954965065918547,0.40163067664432295,0.027884302719299436
C,0.0,0.5,3820,causal_residual,0.7591666666666667,0.055,0.7024618405329306,0.024645754726959655,0.40163067664432295,0.5546216550938589
C,0.0,0.5,3820,attention_contact,0.0,1.0,0.029717068763583245,0.6973905264963071,0.40163067664432295,0.08697386027152412
C,0.0,0.5,3820,oracle_effect,0.7608333333333334,0.028333333333333332,0.7271075952598903,0.0,0.40163067664432295,0.5117241985696368
C,0.25,0.0,3802,total_flow,0.455,0.5483333333333333,0.4713614215799434,0.460265991778726,0.1526610506894883,0.027902244706914724
C,0.25,0.0,3802,causal_residual,0.9983333333333333,0.0016666666666666668,0.9153624995080926,0.01626491385057695,0.1526610506894883,0.6194224501020666
C,0.25,0.0,3802,attention_contact,0.5675,0.43416666666666665,0.5498532898825226,0.3817741234761467,0.1526610506894883,0.08732841584361485
C,0.25,0.0,3802,oracle_effect,1.0,0.0,0.9316274133586694,0.0,0.1526610506894883,0.578259684336371
C,0.25,0.25,3812,total_flow,0.335,0.6425,0.39255271777946965,0.4698503233557583,0.28287757064929375,0.027777065284911445
C,0.25,0.25,3812,causal_residual,0.9383333333333334,0.04583333333333333,0.8495561947048598,0.012846846430368188,0.28287757064929375,0.6156212142776335
C,0.25,0.25,3812,attention_contact,0.4116666666666667,0.5225,0.4423466269712026,0.4200564141640254,0.28287757064929375,0.08674003988657361
C,0.25,0.25,3812,oracle_effect,0.94,0.049166666666666664,0.8624030411352279,0.0,0.28287757064929375,0.574692786270131
C,0.25,0.5,3822,total_flow,0.2275,0.7033333333333334,0.31647228925743626,0.42554944221040725,0.3249434556986385,0.027947329688199338
C,0.25,0.5,3822,causal_residual,0.7525,0.17333333333333334,0.7229446589300973,0.019077072537746265,0.3249434556986385,0.6175965438148201
C,0.25,0.5,3822,attention_contact,0.2708333333333333,0.57,0.3353183128395447,0.40670341862829884,0.3249434556986385,0.08767124003070433
C,0.25,0.5,3822,oracle_effect,0.755,0.2,0.7420217314678436,0.0,0.3249434556986385,0.5763265201068318
C,0.5,0.0,3805,total_flow,0.8983333333333333,0.10166666666666667,0.7986784595175132,0.1378112035391203,0.16045442131255622,0.027724730431210376
C,0.5,0.0,3805,causal_residual,1.0,0.0,0.9190037841485389,0.01748587890809455,0.16045442131255622,0.6825422943399698
C,0.5,0.0,3805,attention_contact,0.9333333333333333,0.06666666666666667,0.8218183306218382,0.11467133243479519,0.16045442131255622,0.08716889390016402
C,0.5,0.0,3805,oracle_effect,1.0,0.0,0.9364896630566335,0.0,0.16045442131255622,0.6417949684769211
C,0.5,0.25,3815,total_flow,0.6966666666666667,0.1725,0.6519971138580526,0.22305183283296467,0.2746218354569059,0.02781857310245774
C,0.5,0.25,3815,causal_residual,0.9358333333333333,0.06333333333333334,0.8617773794097965,0.013271567281220894,0.2746218354569059,0.6874864264153147
C,0.5,0.25,3815,attention_contact,0.7275,0.0975,0.6719831039011398,0.20306584278987755,0.2746218354569059,0.08762333025142775
C,0.5,0.25,3815,oracle_effect,0.9391666666666667,0.06166666666666667,0.8750489466910172,0.0,0.2746218354569059,0.647251584723063
C,0.5,0.5,3825,total_flow,0.48833333333333334,0.24,0.5252407743780969,0.2276357250105544,0.28629917158121937,0.027933164804220804
C,0.5,0.5,3825,causal_residual,0.7408333333333333,0.23083333333333333,0.7363028220116934,0.016573677376957828,0.28629917158121937,0.68180822771947
C,0.5,0.5,3825,attention_contact,0.5075,0.1375,0.5329203122785414,0.21995618711010986,0.28629917158121937,0.08737458555348816
C,0.5,0.5,3825,oracle_effect,0.745,0.255,0.7528764993886513,0.0,0.28629917158121937,0.6413864772866463
C,0.75,0.0,3807,total_flow,0.9966666666666667,0.0033333333333333335,0.8684081341191707,0.06513196795531989,0.15391382326781478,0.02796174560751141
C,0.75,0.0,3807,causal_residual,1.0,0.0,0.914263925450709,0.019276176623781623,0.15391382326781478,0.750147847403003
C,0.75,0.0,3807,attention_contact,0.9983333333333333,0.0016666666666666668,0.8692795155807002,0.06426058649379059,0.15391382326781478,0.08673310541414714
C,0.75,0.0,3807,oracle_effect,1.0,0.0,0.9335401020744905,0.0,0.15391382326781478,0.7106568010728228
C,0.75,0.25,3817,total_flow,0.7991666666666667,0.014166666666666666,0.7229796566055126,0.1417449910135069,0.25837248705315063,0.027908292950090948
C,0.75,0.25,3817,causal_residual,0.9316666666666666,0.0625,0.8511773555360644,0.013547292082954883,0.25837248705315063,0.749486592532776
C,0.75,0.25,3817,attention_contact,0.8075,0.005,0.7264883138757475,0.13823633374327182,0.25837248705315063,0.08699596189254373
C,0.75,0.25,3817,oracle_effect,0.9375,0.06416666666666666,0.8647246476190195,0.0,0.25837248705315063,0.7097082642958757
C,0.75,0.5,3827,total_flow,0.5933333333333334,0.024166666666666666,0.581836626409761,0.17879264292436853,0.2690521277264635,0.027957799352930794
C,0.75,0.5,3827,causal_residual,0.755,0.24166666666666667,0.7418795724611525,0.018749696872977034,0.2690521277264635,0.7487035841245335
C,0.75,0.5,3827,attention_contact,0.5966666666666667,0.0125,0.585126058626508,0.1755032107076215,0.2690521277264635,0.08731060642991978
C,0.75,0.5,3827,oracle_effect,0.765,0.24833333333333332,0.7606292693341296,0.0,0.2690521277264635,0.7085519502536137
C,1.0,0.0,3810,total_flow,1.0,0.0,0.8804607478513553,0.05217356959743612,0.15254813639867867,0.027913263914991795
C,1.0,0.0,3810,causal_residual,0.9975,0.0025,0.9166494142794888,0.015984903169302667,0.15254813639867867,0.8179191703986419
C,1.0,0.0,3810,attention_contact,1.0,0.0,0.8790865105866927,0.05354780686209884,0.15254813639867867,0.08764147649379933
C,1.0,0.0,3810,oracle_effect,1.0,0.0,0.9326343174487917,0.0,0.15254813639867867,0.7775970329759098
C,1.0,0.25,3820,total_flow,0.8891666666666667,0.0,0.7982963312166014,0.07389580912264047,0.2635105333570191,0.027852447307908364
C,1.0,0.25,3820,causal_residual,0.9275,0.07333333333333333,0.8571945588039894,0.01499758153525244,0.2635105333570191,0.8152267341783879
C,1.0,0.25,3820,attention_contact,0.89,0.0,0.7995228626408698,0.07266927769837207,0.2635105333570191,0.0866986788352709
C,1.0,0.25,3820,oracle_effect,0.9408333333333333,0.06416666666666666,0.8721921403392418,0.0,0.2635105333570191,0.7751282082945896
C,1.0,0.5,3830,total_flow,0.6883333333333334,0.0,0.6504194254956784,0.1013013554667868,0.264840071098755,0.028148757172189544
C,1.0,0.5,3830,causal_residual,0.7275,0.2783333333333333,0.7297555281564329,0.02196525280603241,0.264840071098755,0.8199971057567859
C,1.0,0.5,3830,attention_contact,0.6816666666666666,0.0,0.6473031106430294,0.10441767031943595,0.264840071098755,0.08735431915284932
C,1.0,0.5,3830,oracle_effect,0.7491666666666666,0.2683333333333333,0.7517207809624653,0.0,0.264840071098755,0.7792285171459474
C,0.0,0.0,3900,total_flow,0.0,1.0,0.035118806373624994,0.8951680736320723,0.14991742064878172,0.027854918127846046
C,0.0,0.0,3900,causal_residual,1.0,0.0,0.9139934591611856,0.01629342084451188,0.14991742064878172,0.5546591589980105
C,0.0,0.0,3900,attention_contact,0.0,1.0,0.03164994286382289,0.8986369371418745,0.14991742064878172,0.08641725472992294
C,0.0,0.0,3900,oracle_effect,1.0,0.0,0.9302868800056975,0.0,0.14991742064878172,0.5126078680316298
C,0.0,0.25,3910,total_flow,0.0,1.0,0.03669087448190739,0.81988663626689,0.34186368649096627,0.027924668710592234
C,0.0,0.25,3910,causal_residual,0.9283333333333333,0.014166666666666666,0.8430532635264862,0.013524247222311214,0.34186368649096627,0.5578278443415194
C,0.0,0.25,3910,attention_contact,0.0,1.0,0.033211678900652124,0.8233658318481453,0.34186368649096627,0.08738300538092118
C,0.0,0.25,3910,oracle_effect,0.9283333333333333,0.009166666666666667,0.8565775107487974,0.0,0.34186368649096627,0.5145297727812
C,0.0,0.5,3920,total_flow,0.0,1.0,0.0352947762247197,0.6779872800997828,0.3973251013358942,0.027945636438150664
C,0.0,0.5,3920,causal_residual,0.7433333333333333,0.05416666666666667,0.6870656195979014,0.026216436726601188,0.3973251013358942,0.5561550982347588
C,0.0,0.5,3920,attention_contact,0.0,1.0,0.03359153826913582,0.6796905180553667,0.3973251013358942,0.0869207307898939
C,0.0,0.5,3920,oracle_effect,0.7433333333333333,0.024166666666666666,0.7132820563245025,0.0,0.3973251013358942,0.5135664029239271
C,0.25,0.0,3902,total_flow,0.4225,0.5791666666666667,0.4461531712790905,0.4846464537210217,0.1536598037542128,0.027789411632421233
C,0.25,0.0,3902,causal_residual,1.0,0.0,0.9129739352045578,0.017825689795554142,0.1536598037542128,0.6168041210222487
C,0.25,0.0,3902,attention_contact,0.5316666666666666,0.4691666666666667,0.5210907098720782,0.409708915128034,0.1536598037542128,0.08731496240839157
C,0.25,0.0,3902,oracle_effect,1.0,0.0,0.9307996250001122,0.0,0.1536598037542128,0.5758018214798886
C,0.25,0.25,3912,total_flow,0.355,0.6158333333333333,0.4051494230501364,0.456072443416439,0.2929294170712989,0.027910439582762507
C,0.25,0.25,3912,causal_residual,0.935,0.04583333333333333,0.8482837432031762,0.012938123263399229,0.2929294170712989,0.6177179389046049
C,0.25,0.25,3912,attention_contact,0.43666666666666665,0.49666666666666665,0.45900431538736425,0.4022175510792112,0.2929294170712989,0.08734691965804088
C,0.25,0.25,3912,oracle_effect,0.9366666666666666,0.04833333333333333,0.8612218664665754,0.0,0.2929294170712989,0.5766560868276459
C,0.25,0.5,3922,total_flow,0.22916666666666666,0.7008333333333333,0.32838677558689144,0.4168672305234978,0.32199872396893947,0.028002183984308437
C,0.25,0.5,3922,causal_residual,0.7458333333333333,0.19416666666666665,0.7271300426417044,0.018123963468684796,0.32199872396893947,0.6191303964199762
C,0.25,0.5,3922,attention_contact,0.2791666666666667,0.56,0.35702919429278607,0.3882248118176032,0.32199872396893947,0.08680292817642588
C,0.25,0.5,3922,oracle_effect,0.7525,0.20333333333333334,0.7452540061103893,0.0,0.32199872396893947,0.5777812629286836
C,0.5,0.0,3905,total_flow,0.8983333333333333,0.10333333333333333,0.7984277964137395,0.1391721703104748,0.1614001158720693,0.02804594353195627
C,0.5,0.0,3905,causal_residual,1.0,0.0,0.9218615188634931,0.015738447860721275,0.1614001158720693,0.684825400861787
C,0.5,0.0,3905,attention_contact,0.9291666666666667,0.07166666666666667,0.8185710896729964,0.11902887705121794,0.1614001158720693,0.0866241562456952
C,0.5,0.0,3905,oracle_effect,1.0,0.0,0.9375999667242144,0.0,0.1614001158720693,0.6447059560959807
C,0.5,0.25,3915,total_flow,0.7225,0.15333333333333332,0.6794548819660807,0.1915465477442253,0.2658106598608552,0.027986872118022876
C,0.5,0.25,3915,causal_residual,0.9358333333333333,0.058333333333333334,0.8577109549409588,0.013290474769347123,0.2658106598608552,0.685120541203992
C,0.5,0.25,3915,attention_contact,0.7425,0.09916666666666667,0.6888316002891736,0.18216982942113227,0.2658106598608552,0.08712435505658693
C,0.5,0.25,3915,oracle_effect,0.9425,0.0575,0.8710014297103059,0.0,0.2658106598608552,0.6448574509511809
C,0.5,0.5,3925,total_flow,0.5083333333333333,0.24166666666666667,0.5373304671095331,0.21400794981293197,0.286552137473515,0.027949882682751486
C,0.5,0.5,3925,causal_residual,0.7516666666666667,0.22166666666666668,0.733369358288445,0.01796905863402017,0.286552137473515,0.6854348881870097
C,0.5,0.5,3925,attention_contact,0.5316666666666666,0.12833333333333333,0.5438442244836555,0.2074941924388095,0.286552137473515,0.08715296269740078
C,0.5,0.5,3925,oracle_effect,0.7575,0.23916666666666667,0.7513384169224651,0.0,0.286552137473515,0.6449350758243263
C,0.75,0.0,3907,total_flow,0.9941666666666666,0.005833333333333334,0.8622257452514477,0.06851521031461014,0.15064035585902816,0.02797773298624011
C,0.75,0.0,3907,causal_residual,0.9991666666666666,0.0008333333333333334,0.9140016991921159,0.016739256373942062,0.15064035585902816,0.7505797147580823
C,0.75,0.0,3907,attention_contact,0.9975,0.0025,0.8646292892989451,0.06611166626711254,0.15064035585902816,0.08698125332885918
C,0.75,0.0,3907,oracle_effect,1.0,0.0,0.9307409555660577,0.0,0.15064035585902816,0.7100981740262966
C,0.75,0.25,3917,total_flow,0.8225,0.010833333333333334,0.7447924875353129,0.13095228753707125,0.2676966476328573,0.02789650885815605
C,0.75,0.25,3917,causal_residual,0.9475,0.0525,0.8631256223593008,0.012619152713083599,0.2676966476328573,0.7544339406224772
C,0.75,0.25,3917,attention_contact,0.8266666666666667,0.0033333333333333335,0.7475997880798754,0.1281449869925088,0.2676966476328573,0.08692268366842251
C,0.75,0.25,3917,oracle_effect,0.9525,0.05,0.8757447750723842,0.0,0.2676966476328573,0.7139351603364827
C,0.75,0.5,3927,total_flow,0.5808333333333333,0.024166666666666666,0.5777313662002632,0.18594972899051812,0.2779185978320415,0.027940407471652204
C,0.75,0.5,3927,causal_residual,0.745,0.24416666666666667,0.7436635816895552,0.020017513501226217,0.2779185978320415,0.7494675119741867
C,0.75,0.5,3927,attention_contact,0.5883333333333334,0.01,0.5818229837738822,0.1818581114168992,0.2779185978320415,0.0866665601501861
C,0.75,0.5,3927,oracle_effect,0.755,0.24666666666666667,0.7636810951907813,0.0,0.2779185978320415,0.7091572637727908
C,1.0,0.0,3910,total_flow,1.0,0.0,0.8880375314982706,0.047831140598337395,0.1588480962172609,0.027892025783131102
C,1.0,0.0,3910,causal_residual,0.9991666666666666,0.0008333333333333334,0.9180663589088269,0.017802313187780992,0.1588480962172609,0.8200399970203336
C,1.0,0.0,3910,attention_contact,1.0,0.0,0.8859361602476148,0.04993251184899311,0.1588480962172609,0.08725338585055932
C,1.0,0.0,3910,oracle_effect,1.0,0.0,0.935868672096608,0.0,0.1588480962172609,0.7798877337898161
C,1.0,0.25,3920,total_flow,0.9083333333333333,0.0,0.8087758317989514,0.06793984519411583,0.26133192716142306,0.027946484908974487
C,1.0,0.25,3920,causal_residual,0.9441666666666667,0.0575,0.8633293412428243,0.013386335750242874,0.26133192716142306,0.8180806342614285
C,1.0,0.25,3920,attention_contact,0.9083333333333333,0.0,0.8079670376678273,0.06874863932523993,0.26133192716142306,0.08668539137878913
C,1.0,0.25,3920,oracle_effect,0.95,0.0525,0.8767156769930673,0.0,0.26133192716142306,0.7781949108964088
C,1.0,0.5,3930,total_flow,0.6708333333333333,0.0,0.6367190091927514,0.11280141890524466,0.258752581536979,0.02778658988603993
C,1.0,0.5,3930,causal_residual,0.7283333333333334,0.2733333333333333,0.7304793623267453,0.01904106577125077,0.258752581536979,0.8185631404601633
C,1.0,0.5,3930,attention_contact,0.6708333333333333,0.0,0.6364884098984568,0.11303201819953922,0.258752581536979,0.0869662447256653
C,1.0,0.5,3930,oracle_effect,0.7433333333333333,0.27166666666666667,0.749520428097996,0.0,0.258752581536979,0.7784359008405898
